[
  {
    "id": 1,
    "ad": "E-ticaret Web Sitesi",
    "musteri": "ABC Şirketi",
    "durum": "devam-ediyor",
    "aciklama": "Modern e-ticaret platformu",
    "butce": 5000,
    "baslangicTarihi": "2024-01-15",
    "bitisTarihi": "2024-06-30",
    "oncelik": "yuksek",
    "sorumlu": "Ahmet Yılmaz",
    "created_at": "2024-01-15T09:00:00Z"
  },
  {
    "id": 2,
    "ad": "Kurumsal Web Sitesi",
    "musteri": "XYZ Ltd.",
    "durum": "tamamlandi",
    "aciklama": "Şirket tanıtım sitesi",
    "butce": 25000,
    "baslangicTarihi": "2023-12-01",
    "bitisTarihi": "2024-02-15",
    "oncelik": "orta",
    "sorumlu": "Ayşe Kaya",
    "created_at": "2023-12-01T10:00:00Z"
  },
  {
    "id": 3,
    "ad": "Tanıtım Filmi Çekimi",
    "musteri": "AGR MEATSBEAN",
    "durum": "beklemede",
    "aciklama": "Kafanıza göre yapın bir şeyler",
    "butce": 10000,
    "baslangicTarihi": "2030-10-02",
    "bitisTarihi": "2030-10-03",
    "oncelik": "yuksek",
    "sorumlu": "Talha",
    "created_at": "2025-07-29T14:36:08.862Z"
  }
]